{"cameraMode":{"drawMode":0,"name":"Shaded","section":"Shading Mode"},"sceneLighting":false,"audioPlay":false,"sceneViewState":{"m_AlwaysRefresh":false,"showFog":true,"showSkybox":false,"showFlares":true,"showImageEffects":true,"showParticleSystems":true,"showVisualEffectGraphs":true,"m_FxEnabled":true},"in2DMode":false,"pivot":{"x":3.133312702178955,"y":-10.13549518585205,"z":39.66628646850586},"rotation":{"x":-0.1718197911977768,"y":0.038994915783405307,"z":-0.0068297856487333778,"w":-0.9843651056289673},"size":29.219898223876954,"orthographic":false}