{"cameraMode":{"drawMode":0,"name":"Shaded","section":"Shading Mode"},"sceneLighting":false,"audioPlay":false,"sceneViewState":{"m_AlwaysRefresh":false,"showFog":true,"showSkybox":false,"showFlares":true,"showImageEffects":true,"showParticleSystems":true,"showVisualEffectGraphs":true,"m_FxEnabled":true},"in2DMode":false,"pivot":{"x":8.537269592285157,"y":6.717228889465332,"z":13.651862144470215},"rotation":{"x":-0.022562162950634958,"y":-0.7833951115608215,"z":0.02843906730413437,"w":-0.6205112934112549},"size":29.590545654296876,"orthographic":false}